Entity,Code,Year,Number of articles - Field: All
ASEAN (Association of Southeast Asian Nations),,2010,4127
ASEAN (Association of Southeast Asian Nations),,2011,5305
ASEAN (Association of Southeast Asian Nations),,2012,5142
ASEAN (Association of Southeast Asian Nations),,2013,5658
ASEAN (Association of Southeast Asian Nations),,2014,6698
ASEAN (Association of Southeast Asian Nations),,2015,7728
ASEAN (Association of Southeast Asian Nations),,2016,8583
ASEAN (Association of Southeast Asian Nations),,2017,10181
ASEAN (Association of Southeast Asian Nations),,2018,12115
ASEAN (Association of Southeast Asian Nations),,2019,14299
ASEAN (Association of Southeast Asian Nations),,2020,15510
ASEAN (Association of Southeast Asian Nations),,2021,16513
Afghanistan,AFG,2010,4
Afghanistan,AFG,2012,2
Afghanistan,AFG,2013,1
Afghanistan,AFG,2014,3
Afghanistan,AFG,2015,2
Afghanistan,AFG,2016,4
Afghanistan,AFG,2017,7
Afghanistan,AFG,2018,5
Afghanistan,AFG,2019,10
Afghanistan,AFG,2020,15
Afghanistan,AFG,2021,21
Africa,,2010,1724
Africa,,2011,2006
Africa,,2012,2465
Africa,,2013,2929
Africa,,2014,3451
Africa,,2015,3922
Africa,,2016,4570
Africa,,2017,4909
Africa,,2018,5429
Africa,,2019,6185
Africa,,2020,7508
Africa,,2021,8054
Albania,ALB,2010,14
Albania,ALB,2011,14
Albania,ALB,2012,10
Albania,ALB,2013,37
Albania,ALB,2014,27
Albania,ALB,2015,22
Albania,ALB,2016,23
Albania,ALB,2017,35
Albania,ALB,2018,37
Albania,ALB,2019,20
Albania,ALB,2020,33
Albania,ALB,2021,50
Algeria,DZA,2010,228
Algeria,DZA,2011,309
Algeria,DZA,2012,374
Algeria,DZA,2013,457
Algeria,DZA,2014,530
Algeria,DZA,2015,646
Algeria,DZA,2016,637
Algeria,DZA,2017,689
Algeria,DZA,2018,815
Algeria,DZA,2019,792
Algeria,DZA,2020,877
Algeria,DZA,2021,835
Andorra,AND,2015,1
Andorra,AND,2016,1
Andorra,AND,2019,1
Angola,AGO,2010,5
Angola,AGO,2011,4
Angola,AGO,2012,7
Angola,AGO,2013,13
Angola,AGO,2014,3
Angola,AGO,2015,6
Angola,AGO,2016,5
Angola,AGO,2017,2
Angola,AGO,2018,8
Angola,AGO,2019,12
Angola,AGO,2020,9
Angola,AGO,2021,8
Antigua and Barbuda,ATG,2010,3
Antigua and Barbuda,ATG,2012,1
Antigua and Barbuda,ATG,2013,3
Antigua and Barbuda,ATG,2014,3
Antigua and Barbuda,ATG,2015,6
Antigua and Barbuda,ATG,2016,5
Antigua and Barbuda,ATG,2017,9
Antigua and Barbuda,ATG,2018,12
Antigua and Barbuda,ATG,2019,19
Antigua and Barbuda,ATG,2020,18
Antigua and Barbuda,ATG,2021,24
Argentina,ARG,2010,244
Argentina,ARG,2011,253
Argentina,ARG,2012,219
Argentina,ARG,2013,314
Argentina,ARG,2014,377
Argentina,ARG,2015,373
Argentina,ARG,2016,384
Argentina,ARG,2017,397
Argentina,ARG,2018,434
Argentina,ARG,2019,422
Argentina,ARG,2020,496
Argentina,ARG,2021,454
Armenia,ARM,2010,6
Armenia,ARM,2011,11
Armenia,ARM,2012,12
Armenia,ARM,2013,24
Armenia,ARM,2014,14
Armenia,ARM,2015,20
Armenia,ARM,2016,18
Armenia,ARM,2017,35
Armenia,ARM,2018,22
Armenia,ARM,2019,28
Armenia,ARM,2020,36
Armenia,ARM,2021,37
Asia Pacific,,2010,94558
Asia Pacific,,2011,96375
Asia Pacific,,2012,96652
Asia Pacific,,2013,99149
Asia Pacific,,2014,104572
Asia Pacific,,2015,108866
Asia Pacific,,2016,116379
Asia Pacific,,2017,133391
Asia Pacific,,2018,160322
Asia Pacific,,2019,208666
Asia Pacific,,2020,238112
Asia Pacific,,2021,253697
Australia,AUS,2010,3587
Australia,AUS,2011,3798
Australia,AUS,2012,4064
Australia,AUS,2013,4542
Australia,AUS,2014,5047
Australia,AUS,2015,5391
Australia,AUS,2016,5855
Australia,AUS,2017,6259
Australia,AUS,2018,7327
Australia,AUS,2019,8563
Australia,AUS,2020,9619
Australia,AUS,2021,10309
Austria,AUT,2010,931
Austria,AUT,2011,1049
Austria,AUT,2012,1070
Austria,AUT,2013,1138
Austria,AUT,2014,1181
Austria,AUT,2015,1231
Austria,AUT,2016,1330
Austria,AUT,2017,1330
Austria,AUT,2018,1526
Austria,AUT,2019,1788
Austria,AUT,2020,1954
Austria,AUT,2021,2085
Azerbaijan,AZE,2010,7
Azerbaijan,AZE,2011,18
Azerbaijan,AZE,2012,39
Azerbaijan,AZE,2013,34
Azerbaijan,AZE,2014,24
Azerbaijan,AZE,2015,50
Azerbaijan,AZE,2016,67
Azerbaijan,AZE,2017,56
Azerbaijan,AZE,2018,75
Azerbaijan,AZE,2019,63
Azerbaijan,AZE,2020,103
Azerbaijan,AZE,2021,94
Bahamas,BHS,2011,2
Bahamas,BHS,2013,1
Bahamas,BHS,2014,1
Bahamas,BHS,2015,1
Bahamas,BHS,2018,2
Bahamas,BHS,2019,2
Bahamas,BHS,2021,2
Bahrain,BHR,2010,18
Bahrain,BHR,2011,24
Bahrain,BHR,2012,21
Bahrain,BHR,2013,22
Bahrain,BHR,2014,39
Bahrain,BHR,2015,43
Bahrain,BHR,2016,29
Bahrain,BHR,2017,30
Bahrain,BHR,2018,68
Bahrain,BHR,2019,82
Bahrain,BHR,2020,120
Bahrain,BHR,2021,141
Bangladesh,BGD,2010,186
Bangladesh,BGD,2011,197
Bangladesh,BGD,2012,269
Bangladesh,BGD,2013,315
Bangladesh,BGD,2014,436
Bangladesh,BGD,2015,407
Bangladesh,BGD,2016,472
Bangladesh,BGD,2017,609
Bangladesh,BGD,2018,794
Bangladesh,BGD,2019,1285
Bangladesh,BGD,2020,1496
Bangladesh,BGD,2021,1770
Barbados,BRB,2010,1
Barbados,BRB,2011,3
Barbados,BRB,2012,1
Barbados,BRB,2013,2
Barbados,BRB,2015,6
Barbados,BRB,2016,1
Barbados,BRB,2018,2
Barbados,BRB,2019,2
Barbados,BRB,2020,3
Barbados,BRB,2021,3
Belarus,BLR,2010,62
Belarus,BLR,2011,75
Belarus,BLR,2012,78
Belarus,BLR,2013,100
Belarus,BLR,2014,103
Belarus,BLR,2015,99
Belarus,BLR,2016,113
Belarus,BLR,2017,152
Belarus,BLR,2018,170
Belarus,BLR,2019,170
Belarus,BLR,2020,202
Belarus,BLR,2021,143
Belgium,BEL,2010,1271
Belgium,BEL,2011,1301
Belgium,BEL,2012,1422
Belgium,BEL,2013,1451
Belgium,BEL,2014,1503
Belgium,BEL,2015,1502
Belgium,BEL,2016,1517
Belgium,BEL,2017,1549
Belgium,BEL,2018,1733
Belgium,BEL,2019,1910
Belgium,BEL,2020,2096
Belgium,BEL,2021,2193
Belize,BLZ,2010,1
Belize,BLZ,2013,1
Belize,BLZ,2017,1
Belize,BLZ,2018,3
Belize,BLZ,2019,2
Belize,BLZ,2020,1
Benin,BEN,2010,28
Benin,BEN,2011,21
Benin,BEN,2012,30
Benin,BEN,2013,33
Benin,BEN,2014,33
Benin,BEN,2015,55
Benin,BEN,2016,59
Benin,BEN,2017,42
Benin,BEN,2018,80
Benin,BEN,2019,76
Benin,BEN,2020,83
Benin,BEN,2021,95
Bermuda,BMU,2010,2
Bermuda,BMU,2011,2
Bermuda,BMU,2012,1
Bermuda,BMU,2013,2
Bermuda,BMU,2014,2
Bermuda,BMU,2015,1
Bermuda,BMU,2016,2
Bermuda,BMU,2017,1
Bermuda,BMU,2018,3
Bermuda,BMU,2019,3
Bermuda,BMU,2020,7
Bermuda,BMU,2021,2
Bhutan,BTN,2012,1
Bhutan,BTN,2013,4
Bhutan,BTN,2014,2
Bhutan,BTN,2015,1
Bhutan,BTN,2016,1
Bhutan,BTN,2017,3
Bhutan,BTN,2018,2
Bhutan,BTN,2019,4
Bhutan,BTN,2020,7
Bhutan,BTN,2021,9
Bolivia,BOL,2010,28
Bolivia,BOL,2011,16
Bolivia,BOL,2012,10
Bolivia,BOL,2013,8
Bolivia,BOL,2014,23
Bolivia,BOL,2015,13
Bolivia,BOL,2016,28
Bolivia,BOL,2017,27
Bolivia,BOL,2018,28
Bolivia,BOL,2019,23
Bolivia,BOL,2020,29
Bolivia,BOL,2021,21
Bosnia and Herzegovina,BIH,2010,23
Bosnia and Herzegovina,BIH,2011,38
Bosnia and Herzegovina,BIH,2012,56
Bosnia and Herzegovina,BIH,2013,80
Bosnia and Herzegovina,BIH,2014,56
Bosnia and Herzegovina,BIH,2015,48
Bosnia and Herzegovina,BIH,2016,104
Bosnia and Herzegovina,BIH,2017,115
Bosnia and Herzegovina,BIH,2018,132
Bosnia and Herzegovina,BIH,2019,146
Bosnia and Herzegovina,BIH,2020,127
Bosnia and Herzegovina,BIH,2021,106
Botswana,BWA,2010,4
Botswana,BWA,2011,5
Botswana,BWA,2012,9
Botswana,BWA,2013,6
Botswana,BWA,2014,17
Botswana,BWA,2015,16
Botswana,BWA,2016,27
Botswana,BWA,2017,20
Botswana,BWA,2018,11
Botswana,BWA,2019,18
Botswana,BWA,2020,21
Botswana,BWA,2021,40
Brazil,BRA,2010,1672
Brazil,BRA,2011,1823
Brazil,BRA,2012,2063
Brazil,BRA,2013,2280
Brazil,BRA,2014,2615
Brazil,BRA,2015,2922
Brazil,BRA,2016,3144
Brazil,BRA,2017,3373
Brazil,BRA,2018,4078
Brazil,BRA,2019,4675
Brazil,BRA,2020,5097
Brazil,BRA,2021,4875
Brunei,BRN,2010,4
Brunei,BRN,2011,5
Brunei,BRN,2012,17
Brunei,BRN,2013,13
Brunei,BRN,2014,26
Brunei,BRN,2015,22
Brunei,BRN,2016,34
Brunei,BRN,2017,26
Brunei,BRN,2018,20
Brunei,BRN,2019,40
Brunei,BRN,2020,35
Brunei,BRN,2021,63
Bulgaria,BGR,2010,175
Bulgaria,BGR,2011,164
Bulgaria,BGR,2012,202
Bulgaria,BGR,2013,194
Bulgaria,BGR,2014,197
Bulgaria,BGR,2015,242
Bulgaria,BGR,2016,251
Bulgaria,BGR,2017,332
Bulgaria,BGR,2018,364
Bulgaria,BGR,2019,441
Bulgaria,BGR,2020,427
Bulgaria,BGR,2021,390
Burkina Faso,BFA,2011,2
Burkina Faso,BFA,2012,2
Burkina Faso,BFA,2013,2
Burkina Faso,BFA,2014,3
Burkina Faso,BFA,2015,2
Burkina Faso,BFA,2017,3
Burkina Faso,BFA,2018,5
Burkina Faso,BFA,2019,8
Burkina Faso,BFA,2020,16
Burkina Faso,BFA,2021,10
Burundi,BDI,2010,18
Burundi,BDI,2011,25
Burundi,BDI,2012,24
Burundi,BDI,2013,35
Burundi,BDI,2014,33
Burundi,BDI,2015,39
Burundi,BDI,2016,48
Burundi,BDI,2017,25
Burundi,BDI,2018,47
Burundi,BDI,2019,57
Burundi,BDI,2020,65
Burundi,BDI,2021,59
Cambodia,KHM,2010,16
Cambodia,KHM,2011,25
Cambodia,KHM,2012,36
Cambodia,KHM,2013,32
Cambodia,KHM,2014,45
Cambodia,KHM,2015,53
Cambodia,KHM,2016,56
Cambodia,KHM,2017,70
Cambodia,KHM,2018,102
Cambodia,KHM,2019,138
Cambodia,KHM,2020,165
Cambodia,KHM,2021,207
Cameroon,CMR,2010,17
Cameroon,CMR,2011,12
Cameroon,CMR,2012,17
Cameroon,CMR,2013,12
Cameroon,CMR,2014,19
Cameroon,CMR,2015,35
Cameroon,CMR,2016,31
Cameroon,CMR,2017,39
Cameroon,CMR,2018,38
Cameroon,CMR,2019,51
Cameroon,CMR,2020,60
Cameroon,CMR,2021,72
Canada,CAN,2010,4382
Canada,CAN,2011,4402
Canada,CAN,2012,4549
Canada,CAN,2013,4718
Canada,CAN,2014,5173
Canada,CAN,2015,5207
Canada,CAN,2016,5389
Canada,CAN,2017,5922
Canada,CAN,2018,6734
Canada,CAN,2019,8609
Canada,CAN,2020,10038
Canada,CAN,2021,10498
Cape Verde,CPV,2012,1
Cape Verde,CPV,2015,1
Cape Verde,CPV,2017,1
Cape Verde,CPV,2018,1
Cape Verde,CPV,2020,1
Chad,TCD,2011,1
Chad,TCD,2014,1
Chad,TCD,2015,2
Chad,TCD,2017,3
Chad,TCD,2018,2
Chad,TCD,2019,2
Chad,TCD,2020,2
Chad,TCD,2021,6
Chile,CHL,2010,273
Chile,CHL,2011,328
Chile,CHL,2012,284
Chile,CHL,2013,318
Chile,CHL,2014,407
Chile,CHL,2015,503
Chile,CHL,2016,508
Chile,CHL,2017,526
Chile,CHL,2018,585
Chile,CHL,2019,660
Chile,CHL,2020,692
Chile,CHL,2021,768
China,CHN,2010,71354
China,CHN,2011,70144
China,CHN,2012,68629
China,CHN,2013,68690
China,CHN,2014,71472
China,CHN,2015,71441
China,CHN,2016,76198
China,CHN,2017,88478
China,CHN,2018,108320
China,CHN,2019,147885
China,CHN,2020,168098
China,CHN,2021,177078
Colombia,COL,2010,290
Colombia,COL,2011,346
Colombia,COL,2012,423
Colombia,COL,2013,496
Colombia,COL,2014,559
Colombia,COL,2015,664
Colombia,COL,2016,626
Colombia,COL,2017,766
Colombia,COL,2018,799
Colombia,COL,2019,955
Colombia,COL,2020,1080
Colombia,COL,2021,935
Congo,COG,2010,3
Congo,COG,2011,4
Congo,COG,2012,6
Congo,COG,2013,10
Congo,COG,2014,3
Congo,COG,2015,7
Congo,COG,2016,9
Congo,COG,2017,10
Congo,COG,2018,12
Congo,COG,2019,14
Congo,COG,2020,17
Congo,COG,2021,15
Costa Rica,CRI,2010,15
Costa Rica,CRI,2011,26
Costa Rica,CRI,2012,20
Costa Rica,CRI,2013,36
Costa Rica,CRI,2014,37
Costa Rica,CRI,2015,41
Costa Rica,CRI,2016,53
Costa Rica,CRI,2017,48
Costa Rica,CRI,2018,71
Costa Rica,CRI,2019,90
Costa Rica,CRI,2020,95
Costa Rica,CRI,2021,93
Cote d'Ivoire,CIV,2010,1
Cote d'Ivoire,CIV,2012,2
Cote d'Ivoire,CIV,2013,4
Cote d'Ivoire,CIV,2014,3
Cote d'Ivoire,CIV,2015,7
Cote d'Ivoire,CIV,2016,13
Cote d'Ivoire,CIV,2017,13
Cote d'Ivoire,CIV,2018,13
Cote d'Ivoire,CIV,2019,12
Cote d'Ivoire,CIV,2020,19
Cote d'Ivoire,CIV,2021,18
Croatia,HRV,2010,183
Croatia,HRV,2011,207
Croatia,HRV,2012,210
Croatia,HRV,2013,213
Croatia,HRV,2014,238
Croatia,HRV,2015,325
Croatia,HRV,2016,345
Croatia,HRV,2017,351
Croatia,HRV,2018,362
Croatia,HRV,2019,413
Croatia,HRV,2020,454
Croatia,HRV,2021,467
Cuba,CUB,2010,92
Cuba,CUB,2011,91
Cuba,CUB,2012,105
Cuba,CUB,2013,144
Cuba,CUB,2014,132
Cuba,CUB,2015,124
Cuba,CUB,2016,129
Cuba,CUB,2017,121
Cuba,CUB,2018,168
Cuba,CUB,2019,150
Cuba,CUB,2020,94
Cuba,CUB,2021,151
Cyprus,CYP,2010,151
Cyprus,CYP,2011,132
Cyprus,CYP,2012,129
Cyprus,CYP,2013,198
Cyprus,CYP,2014,169
Cyprus,CYP,2015,166
Cyprus,CYP,2016,228
Cyprus,CYP,2017,261
Cyprus,CYP,2018,272
Cyprus,CYP,2019,301
Cyprus,CYP,2020,385
Cyprus,CYP,2021,405
Czechia,CZE,2010,836
Czechia,CZE,2011,969
Czechia,CZE,2012,892
Czechia,CZE,2013,1027
Czechia,CZE,2014,1109
Czechia,CZE,2015,1199
Czechia,CZE,2016,1233
Czechia,CZE,2017,1202
Czechia,CZE,2018,1274
Czechia,CZE,2019,1427
Czechia,CZE,2020,1400
Czechia,CZE,2021,1356
Denmark,DNK,2010,492
Denmark,DNK,2011,571
Denmark,DNK,2012,603
Denmark,DNK,2013,753
Denmark,DNK,2014,786
Denmark,DNK,2015,819
Denmark,DNK,2016,915
Denmark,DNK,2017,925
Denmark,DNK,2018,1121
Denmark,DNK,2019,1339
Denmark,DNK,2020,1505
Denmark,DNK,2021,1739
Djibouti,DJI,2012,1
Djibouti,DJI,2017,1
Djibouti,DJI,2018,1
Djibouti,DJI,2020,1
Djibouti,DJI,2021,1
Dominica,DMA,2016,1
Dominica,DMA,2017,1
Dominican Republic,DOM,2010,1
Dominican Republic,DOM,2011,1
Dominican Republic,DOM,2012,2
Dominican Republic,DOM,2013,1
Dominican Republic,DOM,2014,5
Dominican Republic,DOM,2015,1
Dominican Republic,DOM,2016,4
Dominican Republic,DOM,2017,3
Dominican Republic,DOM,2018,5
Dominican Republic,DOM,2019,10
Dominican Republic,DOM,2020,10
Dominican Republic,DOM,2021,14
East Timor,TLS,2017,1
East Timor,TLS,2018,3
East Timor,TLS,2019,3
East Timor,TLS,2020,1
East Timor,TLS,2021,2
Ecuador,ECU,2010,34
Ecuador,ECU,2011,21
Ecuador,ECU,2012,49
Ecuador,ECU,2013,36
Ecuador,ECU,2014,108
Ecuador,ECU,2015,210
Ecuador,ECU,2016,269
Ecuador,ECU,2017,477
Ecuador,ECU,2018,548
Ecuador,ECU,2019,573
Ecuador,ECU,2020,587
Ecuador,ECU,2021,480
Egypt,EGY,2010,452
Egypt,EGY,2011,452
Egypt,EGY,2012,570
Egypt,EGY,2013,630
Egypt,EGY,2014,707
Egypt,EGY,2015,832
Egypt,EGY,2016,887
Egypt,EGY,2017,1014
Egypt,EGY,2018,1172
Egypt,EGY,2019,1423
Egypt,EGY,2020,1844
Egypt,EGY,2021,2209
El Salvador,SLV,2010,1
El Salvador,SLV,2011,6
El Salvador,SLV,2012,1
El Salvador,SLV,2013,1
El Salvador,SLV,2014,3
El Salvador,SLV,2015,3
El Salvador,SLV,2016,6
El Salvador,SLV,2017,8
El Salvador,SLV,2018,13
El Salvador,SLV,2019,11
El Salvador,SLV,2020,11
El Salvador,SLV,2021,14
Equatorial Guinea,GNQ,2020,1
Equatorial Guinea,GNQ,2021,1
Eritrea,ERI,2011,1
Eritrea,ERI,2012,1
Eritrea,ERI,2013,2
Eritrea,ERI,2014,1
Eritrea,ERI,2016,1
Eritrea,ERI,2019,1
Estonia,EST,2010,103
Estonia,EST,2011,89
Estonia,EST,2012,100
Estonia,EST,2013,97
Estonia,EST,2014,96
Estonia,EST,2015,110
Estonia,EST,2016,128
Estonia,EST,2017,172
Estonia,EST,2018,182
Estonia,EST,2019,223
Estonia,EST,2020,270
Estonia,EST,2021,288
Eswatini,SWZ,2011,2
Eswatini,SWZ,2012,1
Eswatini,SWZ,2013,1
Eswatini,SWZ,2015,3
Eswatini,SWZ,2016,4
Eswatini,SWZ,2017,1
Eswatini,SWZ,2018,1
Eswatini,SWZ,2020,4
Eswatini,SWZ,2021,3
Ethiopia,ETH,2010,17
Ethiopia,ETH,2011,24
Ethiopia,ETH,2012,29
Ethiopia,ETH,2013,33
Ethiopia,ETH,2014,42
Ethiopia,ETH,2015,67
Ethiopia,ETH,2016,42
Ethiopia,ETH,2017,87
Ethiopia,ETH,2018,97
Ethiopia,ETH,2019,134
Ethiopia,ETH,2020,198
Ethiopia,ETH,2021,330
Europe,,2010,40368
Europe,,2011,42339
Europe,,2012,43838
Europe,,2013,46801
Europe,,2014,50162
Europe,,2015,53025
Europe,,2016,54887
Europe,,2017,58206
Europe,,2018,64809
Europe,,2019,76363
Europe,,2020,83321
Europe,,2021,86360
European Union (27),,2010,31839
European Union (27),,2011,32899
European Union (27),,2012,34134
European Union (27),,2013,36172
European Union (27),,2014,38576
European Union (27),,2015,40420
European Union (27),,2016,40868
European Union (27),,2017,42477
European Union (27),,2018,46591
European Union (27),,2019,54098
European Union (27),,2020,58187
European Union (27),,2021,60512
Fiji,FJI,2010,4
Fiji,FJI,2011,12
Fiji,FJI,2012,16
Fiji,FJI,2013,23
Fiji,FJI,2014,34
Fiji,FJI,2015,43
Fiji,FJI,2016,37
Fiji,FJI,2017,27
Fiji,FJI,2018,28
Fiji,FJI,2019,37
Fiji,FJI,2020,46
Fiji,FJI,2021,56
Finland,FIN,2010,929
Finland,FIN,2011,952
Finland,FIN,2012,980
Finland,FIN,2013,1076
Finland,FIN,2014,1079
Finland,FIN,2015,1108
Finland,FIN,2016,1183
Finland,FIN,2017,1170
Finland,FIN,2018,1365
Finland,FIN,2019,1686
Finland,FIN,2020,1809
Finland,FIN,2021,1816
"Five Eyes (Australia, Canada, New Zealand, UK, and the US)",,2010,37269
"Five Eyes (Australia, Canada, New Zealand, UK, and the US)",,2011,38728
"Five Eyes (Australia, Canada, New Zealand, UK, and the US)",,2012,40187
"Five Eyes (Australia, Canada, New Zealand, UK, and the US)",,2013,42589
"Five Eyes (Australia, Canada, New Zealand, UK, and the US)",,2014,44302
"Five Eyes (Australia, Canada, New Zealand, UK, and the US)",,2015,46231
"Five Eyes (Australia, Canada, New Zealand, UK, and the US)",,2016,49629
"Five Eyes (Australia, Canada, New Zealand, UK, and the US)",,2017,54211
"Five Eyes (Australia, Canada, New Zealand, UK, and the US)",,2018,63335
"Five Eyes (Australia, Canada, New Zealand, UK, and the US)",,2019,77823
"Five Eyes (Australia, Canada, New Zealand, UK, and the US)",,2020,87490
"Five Eyes (Australia, Canada, New Zealand, UK, and the US)",,2021,89903
France,FRA,2010,6016
France,FRA,2011,6163
France,FRA,2012,6727
France,FRA,2013,6972
France,FRA,2014,7585
France,FRA,2015,7785
France,FRA,2016,7768
France,FRA,2017,7931
France,FRA,2018,8537
France,FRA,2019,9639
France,FRA,2020,9743
France,FRA,2021,9648
Gabon,GAB,2010,5
Gabon,GAB,2011,2
Gabon,GAB,2012,2
Gabon,GAB,2013,3
Gabon,GAB,2014,18
Gabon,GAB,2015,9
Gabon,GAB,2016,9
Gabon,GAB,2017,3
Gabon,GAB,2019,15
Gabon,GAB,2020,6
Gabon,GAB,2021,6
Gambia,GMB,2012,1
Gambia,GMB,2014,2
Gambia,GMB,2015,1
Gambia,GMB,2016,2
Gambia,GMB,2019,1
Gambia,GMB,2020,2
Gambia,GMB,2021,5
Georgia,GEO,2010,18
Georgia,GEO,2011,23
Georgia,GEO,2012,44
Georgia,GEO,2013,29
Georgia,GEO,2014,31
Georgia,GEO,2015,58
Georgia,GEO,2016,51
Georgia,GEO,2017,50
Georgia,GEO,2018,72
Georgia,GEO,2019,67
Georgia,GEO,2020,102
Georgia,GEO,2021,95
Germany,DEU,2010,7063
Germany,DEU,2011,7283
Germany,DEU,2012,7747
Germany,DEU,2013,7806
Germany,DEU,2014,8349
Germany,DEU,2015,8626
Germany,DEU,2016,8969
Germany,DEU,2017,9398
Germany,DEU,2018,10770
Germany,DEU,2019,13135
Germany,DEU,2020,14567
Germany,DEU,2021,15445
Ghana,GHA,2010,40
Ghana,GHA,2011,48
Ghana,GHA,2012,67
Ghana,GHA,2013,67
Ghana,GHA,2014,70
Ghana,GHA,2015,82
Ghana,GHA,2016,76
Ghana,GHA,2017,94
Ghana,GHA,2018,109
Ghana,GHA,2019,158
Ghana,GHA,2020,197
Ghana,GHA,2021,262
Global Partnership on Artificial Intelligence,,2010,74065
Global Partnership on Artificial Intelligence,,2011,77637
Global Partnership on Artificial Intelligence,,2012,81570
Global Partnership on Artificial Intelligence,,2013,86507
Global Partnership on Artificial Intelligence,,2014,91242
Global Partnership on Artificial Intelligence,,2015,97187
Global Partnership on Artificial Intelligence,,2016,102129
Global Partnership on Artificial Intelligence,,2017,109314
Global Partnership on Artificial Intelligence,,2018,125063
Global Partnership on Artificial Intelligence,,2019,147580
Global Partnership on Artificial Intelligence,,2020,166240
Global Partnership on Artificial Intelligence,,2021,175248
Greece,GRC,2010,1014
Greece,GRC,2011,919
Greece,GRC,2012,1018
Greece,GRC,2013,1073
Greece,GRC,2014,1222
Greece,GRC,2015,1166
Greece,GRC,2016,1205
Greece,GRC,2017,1176
Greece,GRC,2018,1272
Greece,GRC,2019,1419
Greece,GRC,2020,1681
Greece,GRC,2021,1898
Grenada,GRD,2011,1
Grenada,GRD,2012,2
Grenada,GRD,2013,2
Grenada,GRD,2014,2
Grenada,GRD,2015,8
Grenada,GRD,2016,2
Grenada,GRD,2017,2
Grenada,GRD,2018,4
Grenada,GRD,2019,13
Grenada,GRD,2020,6
Grenada,GRD,2021,10
Guatemala,GTM,2010,2
Guatemala,GTM,2011,1
Guatemala,GTM,2012,2
Guatemala,GTM,2013,6
Guatemala,GTM,2014,4
Guatemala,GTM,2015,5
Guatemala,GTM,2016,4
Guatemala,GTM,2017,13
Guatemala,GTM,2018,18
Guatemala,GTM,2019,30
Guatemala,GTM,2020,29
Guatemala,GTM,2021,28
Guinea,GIN,2010,1
Guinea,GIN,2014,1
Guinea,GIN,2015,1
Guinea,GIN,2019,1
Guinea,GIN,2021,2
Guinea-Bissau,GNB,2018,1
Guinea-Bissau,GNB,2021,1
Guyana,GUY,2010,1
Guyana,GUY,2011,2
Guyana,GUY,2013,2
Guyana,GUY,2019,4
Guyana,GUY,2020,1
Guyana,GUY,2021,2
Haiti,HTI,2012,2
Haiti,HTI,2015,3
Haiti,HTI,2016,1
Haiti,HTI,2019,1
Haiti,HTI,2020,1
Haiti,HTI,2021,2
Honduras,HND,2011,2
Honduras,HND,2012,2
Honduras,HND,2013,2
Honduras,HND,2014,2
Honduras,HND,2015,7
Honduras,HND,2016,5
Honduras,HND,2017,6
Honduras,HND,2018,8
Honduras,HND,2019,21
Honduras,HND,2020,63
Honduras,HND,2021,21
Hungary,HUN,2010,350
Hungary,HUN,2011,403
Hungary,HUN,2012,448
Hungary,HUN,2013,404
Hungary,HUN,2014,458
Hungary,HUN,2015,455
Hungary,HUN,2016,465
Hungary,HUN,2017,484
Hungary,HUN,2018,604
Hungary,HUN,2019,766
Hungary,HUN,2020,795
Hungary,HUN,2021,822
Iceland,ISL,2010,59
Iceland,ISL,2011,69
Iceland,ISL,2012,62
Iceland,ISL,2013,69
Iceland,ISL,2014,100
Iceland,ISL,2015,80
Iceland,ISL,2016,92
Iceland,ISL,2017,94
Iceland,ISL,2018,89
Iceland,ISL,2019,105
Iceland,ISL,2020,76
Iceland,ISL,2021,78
India,IND,2010,3663
India,IND,2011,4641
India,IND,2012,5485
India,IND,2013,6509
India,IND,2014,8185
India,IND,2015,10366
India,IND,2016,12312
India,IND,2017,13541
India,IND,2018,16161
India,IND,2019,18032
India,IND,2020,22918
India,IND,2021,27942
Indonesia,IDN,2010,360
Indonesia,IDN,2011,1076
Indonesia,IDN,2012,614
Indonesia,IDN,2013,829
Indonesia,IDN,2014,1063
Indonesia,IDN,2015,1721
Indonesia,IDN,2016,2459
Indonesia,IDN,2017,3520
Indonesia,IDN,2018,4577
Indonesia,IDN,2019,5517
Indonesia,IDN,2020,5945
Indonesia,IDN,2021,5460
Iran,IRN,2010,1746
Iran,IRN,2011,2203
Iran,IRN,2012,2147
Iran,IRN,2013,2267
Iran,IRN,2014,2478
Iran,IRN,2015,2776
Iran,IRN,2016,2599
Iran,IRN,2017,3111
Iran,IRN,2018,2778
Iran,IRN,2019,3425
Iran,IRN,2020,3902
Iran,IRN,2021,4210
Iraq,IRQ,2010,29
Iraq,IRQ,2011,33
Iraq,IRQ,2012,49
Iraq,IRQ,2013,74
Iraq,IRQ,2014,127
Iraq,IRQ,2015,172
Iraq,IRQ,2016,245
Iraq,IRQ,2017,372
Iraq,IRQ,2018,563
Iraq,IRQ,2019,771
Iraq,IRQ,2020,1104
Iraq,IRQ,2021,1368
Ireland,IRL,2010,678
Ireland,IRL,2011,671
Ireland,IRL,2012,706
Ireland,IRL,2013,667
Ireland,IRL,2014,735
Ireland,IRL,2015,748
Ireland,IRL,2016,763
Ireland,IRL,2017,761
Ireland,IRL,2018,1034
Ireland,IRL,2019,1301
Ireland,IRL,2020,1458
Ireland,IRL,2021,1518
Israel,ISR,2010,881
Israel,ISR,2011,828
Israel,ISR,2012,997
Israel,ISR,2013,991
Israel,ISR,2014,1122
Israel,ISR,2015,1143
Israel,ISR,2016,1329
Israel,ISR,2017,1360
Israel,ISR,2018,1811
Israel,ISR,2019,2341
Israel,ISR,2020,2690
Israel,ISR,2021,2764
Italy,ITA,2010,3746
Italy,ITA,2011,4034
Italy,ITA,2012,4289
Italy,ITA,2013,4734
Italy,ITA,2014,5233
Italy,ITA,2015,5606
Italy,ITA,2016,5704
Italy,ITA,2017,6080
Italy,ITA,2018,6656
Italy,ITA,2019,7980
Italy,ITA,2020,8998
Italy,ITA,2021,9401
Jamaica,JAM,2010,11
Jamaica,JAM,2011,15
Jamaica,JAM,2012,15
Jamaica,JAM,2013,15
Jamaica,JAM,2014,19
Jamaica,JAM,2015,22
Jamaica,JAM,2016,18
Jamaica,JAM,2017,14
Jamaica,JAM,2018,13
Jamaica,JAM,2019,16
Jamaica,JAM,2020,19
Jamaica,JAM,2021,21
Japan,JPN,2010,7550
Japan,JPN,2011,7601
Japan,JPN,2012,7997
Japan,JPN,2013,8001
Japan,JPN,2014,7713
Japan,JPN,2015,8219
Japan,JPN,2016,8266
Japan,JPN,2017,9151
Japan,JPN,2018,10196
Japan,JPN,2019,11531
Japan,JPN,2020,11871
Japan,JPN,2021,11435
Jordan,JOR,2010,155
Jordan,JOR,2011,148
Jordan,JOR,2012,154
Jordan,JOR,2013,174
Jordan,JOR,2014,220
Jordan,JOR,2015,253
Jordan,JOR,2016,296
Jordan,JOR,2017,311
Jordan,JOR,2018,395
Jordan,JOR,2019,486
Jordan,JOR,2020,574
Jordan,JOR,2021,687
Kazakhstan,KAZ,2010,14
Kazakhstan,KAZ,2011,6
Kazakhstan,KAZ,2012,26
Kazakhstan,KAZ,2013,46
Kazakhstan,KAZ,2014,105
Kazakhstan,KAZ,2015,120
Kazakhstan,KAZ,2016,126
Kazakhstan,KAZ,2017,162
Kazakhstan,KAZ,2018,182
Kazakhstan,KAZ,2019,277
Kazakhstan,KAZ,2020,290
Kazakhstan,KAZ,2021,306
Kenya,KEN,2010,17
Kenya,KEN,2011,21
Kenya,KEN,2012,23
Kenya,KEN,2013,28
Kenya,KEN,2014,45
Kenya,KEN,2015,52
Kenya,KEN,2016,47
Kenya,KEN,2017,56
Kenya,KEN,2018,58
Kenya,KEN,2019,87
Kenya,KEN,2020,108
Kenya,KEN,2021,122
Kosovo,OWID_KOS,2010,3
Kosovo,OWID_KOS,2011,3
Kosovo,OWID_KOS,2012,4
Kosovo,OWID_KOS,2013,7
Kosovo,OWID_KOS,2014,6
Kosovo,OWID_KOS,2015,11
Kosovo,OWID_KOS,2016,23
Kosovo,OWID_KOS,2017,44
Kosovo,OWID_KOS,2018,15
Kosovo,OWID_KOS,2019,25
Kosovo,OWID_KOS,2020,20
Kosovo,OWID_KOS,2021,21
Kuwait,KWT,2010,41
Kuwait,KWT,2011,43
Kuwait,KWT,2012,32
Kuwait,KWT,2013,32
Kuwait,KWT,2014,45
Kuwait,KWT,2015,66
Kuwait,KWT,2016,62
Kuwait,KWT,2017,62
Kuwait,KWT,2018,77
Kuwait,KWT,2019,94
Kuwait,KWT,2020,155
Kuwait,KWT,2021,135
Kyrgyzstan,KGZ,2010,2
Kyrgyzstan,KGZ,2011,1
Kyrgyzstan,KGZ,2012,5
Kyrgyzstan,KGZ,2014,2
Kyrgyzstan,KGZ,2015,5
Kyrgyzstan,KGZ,2016,1
Kyrgyzstan,KGZ,2017,7
Kyrgyzstan,KGZ,2018,3
Kyrgyzstan,KGZ,2019,14
Kyrgyzstan,KGZ,2020,24
Kyrgyzstan,KGZ,2021,23
Laos,LAO,2010,2
Laos,LAO,2011,2
Laos,LAO,2013,2
Laos,LAO,2014,2
Laos,LAO,2015,3
Laos,LAO,2016,5
Laos,LAO,2017,3
Laos,LAO,2018,4
Laos,LAO,2019,3
Laos,LAO,2020,5
Laos,LAO,2021,6
Latin America and the Caribbean,,2010,4185
Latin America and the Caribbean,,2011,4530
Latin America and the Caribbean,,2012,4963
Latin America and the Caribbean,,2013,5715
Latin America and the Caribbean,,2014,6497
Latin America and the Caribbean,,2015,7202
Latin America and the Caribbean,,2016,7818
Latin America and the Caribbean,,2017,8540
Latin America and the Caribbean,,2018,9942
Latin America and the Caribbean,,2019,11226
Latin America and the Caribbean,,2020,12113
Latin America and the Caribbean,,2021,12143
Latvia,LVA,2010,94
Latvia,LVA,2011,95
Latvia,LVA,2012,94
Latvia,LVA,2013,93
Latvia,LVA,2014,108
Latvia,LVA,2015,116
Latvia,LVA,2016,123
Latvia,LVA,2017,113
Latvia,LVA,2018,126
Latvia,LVA,2019,160
Latvia,LVA,2020,199
Latvia,LVA,2021,186
Lebanon,LBN,2010,85
Lebanon,LBN,2011,98
Lebanon,LBN,2012,120
Lebanon,LBN,2013,126
Lebanon,LBN,2014,128
Lebanon,LBN,2015,193
Lebanon,LBN,2016,154
Lebanon,LBN,2017,193
Lebanon,LBN,2018,243
Lebanon,LBN,2019,271
Lebanon,LBN,2020,282
Lebanon,LBN,2021,282
Lesotho,LSO,2010,1
Lesotho,LSO,2011,1
Lesotho,LSO,2013,1
Lesotho,LSO,2015,1
Lesotho,LSO,2016,1
Lesotho,LSO,2017,2
Lesotho,LSO,2018,2
Lesotho,LSO,2019,3
Lesotho,LSO,2020,3
Lesotho,LSO,2021,3
Liberia,LBR,2012,1
Liberia,LBR,2014,1
Liberia,LBR,2015,1
Liberia,LBR,2017,1
Liberia,LBR,2019,2
Liberia,LBR,2021,1
Libya,LBY,2010,17
Libya,LBY,2011,9
Libya,LBY,2012,20
Libya,LBY,2013,23
Libya,LBY,2014,17
Libya,LBY,2015,21
Libya,LBY,2016,22
Libya,LBY,2017,31
Libya,LBY,2018,27
Libya,LBY,2019,36
Libya,LBY,2020,55
Libya,LBY,2021,67
Liechtenstein,LIE,2011,1
Liechtenstein,LIE,2012,1
Liechtenstein,LIE,2014,3
Liechtenstein,LIE,2015,3
Liechtenstein,LIE,2016,2
Liechtenstein,LIE,2017,3
Liechtenstein,LIE,2018,8
Liechtenstein,LIE,2019,8
Liechtenstein,LIE,2020,12
Liechtenstein,LIE,2021,10
Lithuania,LTU,2010,143
Lithuania,LTU,2011,146
Lithuania,LTU,2012,168
Lithuania,LTU,2013,146
Lithuania,LTU,2014,151
Lithuania,LTU,2015,196
Lithuania,LTU,2016,192
Lithuania,LTU,2017,169
Lithuania,LTU,2018,173
Lithuania,LTU,2019,187
Lithuania,LTU,2020,226
Lithuania,LTU,2021,280
Luxembourg,LUX,2010,82
Luxembourg,LUX,2011,100
Luxembourg,LUX,2012,99
Luxembourg,LUX,2013,138
Luxembourg,LUX,2014,154
Luxembourg,LUX,2015,157
Luxembourg,LUX,2016,183
Luxembourg,LUX,2017,203
Luxembourg,LUX,2018,215
Luxembourg,LUX,2019,239
Luxembourg,LUX,2020,257
Luxembourg,LUX,2021,275
Madagascar,MDG,2010,1
Madagascar,MDG,2011,1
Madagascar,MDG,2012,5
Madagascar,MDG,2013,4
Madagascar,MDG,2014,5
Madagascar,MDG,2015,3
Madagascar,MDG,2016,4
Madagascar,MDG,2017,5
Madagascar,MDG,2018,5
Madagascar,MDG,2019,19
Madagascar,MDG,2020,11
Madagascar,MDG,2021,13
Malawi,MWI,2010,2
Malawi,MWI,2011,2
Malawi,MWI,2012,3
Malawi,MWI,2013,3
Malawi,MWI,2014,6
Malawi,MWI,2015,5
Malawi,MWI,2016,6
Malawi,MWI,2017,4
Malawi,MWI,2018,6
Malawi,MWI,2019,7
Malawi,MWI,2020,4
Malawi,MWI,2021,16
Malaysia,MYS,2010,1366
Malaysia,MYS,2011,1726
Malaysia,MYS,2012,1823
Malaysia,MYS,2013,1955
Malaysia,MYS,2014,2371
Malaysia,MYS,2015,2382
Malaysia,MYS,2016,2211
Malaysia,MYS,2017,2463
Malaysia,MYS,2018,2618
Malaysia,MYS,2019,2662
Malaysia,MYS,2020,2751
Malaysia,MYS,2021,3499
Maldives,MDV,2012,1
Maldives,MDV,2014,2
Maldives,MDV,2019,3
Maldives,MDV,2020,7
Maldives,MDV,2021,1
Mali,MLI,2010,2
Mali,MLI,2011,2
Mali,MLI,2012,2
Mali,MLI,2013,1
Mali,MLI,2015,2
Mali,MLI,2016,1
Mali,MLI,2017,7
Mali,MLI,2018,6
Mali,MLI,2019,8
Mali,MLI,2020,8
Mali,MLI,2021,6
Malta,MLT,2010,17
Malta,MLT,2011,22
Malta,MLT,2012,36
Malta,MLT,2013,54
Malta,MLT,2014,42
Malta,MLT,2015,58
Malta,MLT,2016,84
Malta,MLT,2017,78
Malta,MLT,2018,88
Malta,MLT,2019,81
Malta,MLT,2020,100
Malta,MLT,2021,102
Marshall Islands,MHL,2017,1
Mauritania,MRT,2012,1
Mauritania,MRT,2015,1
Mauritania,MRT,2016,2
Mauritania,MRT,2017,1
Mauritania,MRT,2018,1
Mauritania,MRT,2019,1
Mauritania,MRT,2020,1
Mauritania,MRT,2021,2
Mauritius,MUS,2010,2
Mauritius,MUS,2011,4
Mauritius,MUS,2012,6
Mauritius,MUS,2013,9
Mauritius,MUS,2014,10
Mauritius,MUS,2015,9
Mauritius,MUS,2016,11
Mauritius,MUS,2017,18
Mauritius,MUS,2018,29
Mauritius,MUS,2019,24
Mauritius,MUS,2020,24
Mauritius,MUS,2021,25
Mexico,MEX,2010,1571
Mexico,MEX,2011,1653
Mexico,MEX,2012,1779
Mexico,MEX,2013,2148
Mexico,MEX,2014,2311
Mexico,MEX,2015,2454
Mexico,MEX,2016,2822
Mexico,MEX,2017,2936
Mexico,MEX,2018,3340
Mexico,MEX,2019,3809
Mexico,MEX,2020,3993
Mexico,MEX,2021,4402
Micronesia (country),FSM,2015,2
Micronesia (country),FSM,2021,1
Moldova,MDA,2010,21
Moldova,MDA,2011,22
Moldova,MDA,2012,20
Moldova,MDA,2013,12
Moldova,MDA,2014,22
Moldova,MDA,2015,29
Moldova,MDA,2016,22
Moldova,MDA,2017,18
Moldova,MDA,2018,19
Moldova,MDA,2019,25
Moldova,MDA,2020,26
Moldova,MDA,2021,19
Monaco,MCO,2010,1
Monaco,MCO,2012,1
Monaco,MCO,2013,1
Monaco,MCO,2016,1
Monaco,MCO,2018,1
Monaco,MCO,2019,6
Monaco,MCO,2020,5
Monaco,MCO,2021,2
Mongolia,MNG,2010,10
Mongolia,MNG,2011,16
Mongolia,MNG,2012,9
Mongolia,MNG,2013,26
Mongolia,MNG,2014,30
Mongolia,MNG,2015,23
Mongolia,MNG,2016,14
Mongolia,MNG,2017,27
Mongolia,MNG,2018,30
Mongolia,MNG,2019,31
Mongolia,MNG,2020,36
Mongolia,MNG,2021,50
Montenegro,MNE,2010,10
Montenegro,MNE,2011,15
Montenegro,MNE,2012,12
Montenegro,MNE,2013,21
Montenegro,MNE,2014,30
Montenegro,MNE,2015,44
Montenegro,MNE,2016,54
Montenegro,MNE,2017,47
Montenegro,MNE,2018,40
Montenegro,MNE,2019,60
Montenegro,MNE,2020,68
Montenegro,MNE,2021,86
Morocco,MAR,2010,111
Morocco,MAR,2011,163
Morocco,MAR,2012,205
Morocco,MAR,2013,204
Morocco,MAR,2014,381
Morocco,MAR,2015,440
Morocco,MAR,2016,710
Morocco,MAR,2017,759
Morocco,MAR,2018,896
Morocco,MAR,2019,926
Morocco,MAR,2020,1039
Morocco,MAR,2021,1036
Mozambique,MOZ,2010,9
Mozambique,MOZ,2011,20
Mozambique,MOZ,2012,14
Mozambique,MOZ,2013,28
Mozambique,MOZ,2014,33
Mozambique,MOZ,2015,52
Mozambique,MOZ,2016,84
Mozambique,MOZ,2017,79
Mozambique,MOZ,2018,106
Mozambique,MOZ,2019,99
Mozambique,MOZ,2020,153
Mozambique,MOZ,2021,147
Myanmar,MMR,2010,20
Myanmar,MMR,2011,36
Myanmar,MMR,2012,27
Myanmar,MMR,2013,19
Myanmar,MMR,2014,25
Myanmar,MMR,2015,44
Myanmar,MMR,2016,43
Myanmar,MMR,2017,79
Myanmar,MMR,2018,107
Myanmar,MMR,2019,164
Myanmar,MMR,2020,162
Myanmar,MMR,2021,88
NATO,,2010,60056
NATO,,2011,62048
NATO,,2012,64381
NATO,,2013,67865
NATO,,2014,71314
NATO,,2015,74849
NATO,,2016,77649
NATO,,2017,83351
NATO,,2018,94491
NATO,,2019,113255
NATO,,2020,124960
NATO,,2021,129186
Namibia,NAM,2010,1
Namibia,NAM,2011,4
Namibia,NAM,2012,3
Namibia,NAM,2013,3
Namibia,NAM,2014,7
Namibia,NAM,2015,9
Namibia,NAM,2016,7
Namibia,NAM,2017,11
Namibia,NAM,2018,11
Namibia,NAM,2019,11
Namibia,NAM,2020,19
Namibia,NAM,2021,13
Nepal,NPL,2010,25
Nepal,NPL,2011,39
Nepal,NPL,2012,36
Nepal,NPL,2013,48
Nepal,NPL,2014,65
Nepal,NPL,2015,64
Nepal,NPL,2016,81
Nepal,NPL,2017,68
Nepal,NPL,2018,87
Nepal,NPL,2019,119
Nepal,NPL,2020,154
Nepal,NPL,2021,201
Netherlands,NLD,2010,2352
Netherlands,NLD,2011,2303
Netherlands,NLD,2012,2406
Netherlands,NLD,2013,2582
Netherlands,NLD,2014,2818
Netherlands,NLD,2015,2731
Netherlands,NLD,2016,3020
Netherlands,NLD,2017,3030
Netherlands,NLD,2018,3422
Netherlands,NLD,2019,4163
Netherlands,NLD,2020,4475
Netherlands,NLD,2021,4745
New Zealand,NZL,2010,449
New Zealand,NZL,2011,505
New Zealand,NZL,2012,544
New Zealand,NZL,2013,608
New Zealand,NZL,2014,585
New Zealand,NZL,2015,616
New Zealand,NZL,2016,695
New Zealand,NZL,2017,787
New Zealand,NZL,2018,759
New Zealand,NZL,2019,935
New Zealand,NZL,2020,1034
New Zealand,NZL,2021,1008
Nicaragua,NIC,2010,5
Nicaragua,NIC,2011,3
Nicaragua,NIC,2012,3
Nicaragua,NIC,2013,2
Nicaragua,NIC,2014,2
Nicaragua,NIC,2015,1
Nicaragua,NIC,2016,4
Nicaragua,NIC,2017,10
Nicaragua,NIC,2018,7
Nicaragua,NIC,2019,17
Nicaragua,NIC,2020,16
Nicaragua,NIC,2021,9
Niger,NER,2010,2
Niger,NER,2011,4
Niger,NER,2012,1
Niger,NER,2013,3
Niger,NER,2014,10
Niger,NER,2015,4
Niger,NER,2016,7
Niger,NER,2017,4
Niger,NER,2018,10
Niger,NER,2019,12
Niger,NER,2020,11
Niger,NER,2021,9
Nigeria,NGA,2010,60
Nigeria,NGA,2011,69
Nigeria,NGA,2012,71
Nigeria,NGA,2013,123
Nigeria,NGA,2014,136
Nigeria,NGA,2015,165
Nigeria,NGA,2016,181
Nigeria,NGA,2017,258
Nigeria,NGA,2018,239
Nigeria,NGA,2019,454
Nigeria,NGA,2020,631
Nigeria,NGA,2021,657
North America,,2010,28645
North America,,2011,30095
North America,,2012,30849
North America,,2013,32431
North America,,2014,33784
North America,,2015,35437
North America,,2016,37814
North America,,2017,41796
North America,,2018,49277
North America,,2019,60645
North America,,2020,68310
North America,,2021,69408
North Korea,PRK,2010,2
North Korea,PRK,2011,3
North Korea,PRK,2012,10
North Korea,PRK,2013,3
North Korea,PRK,2014,14
North Korea,PRK,2015,11
North Korea,PRK,2016,10
North Korea,PRK,2017,7
North Korea,PRK,2018,16
North Korea,PRK,2019,15
North Korea,PRK,2020,17
North Korea,PRK,2021,18
North Macedonia,MKD,2010,57
North Macedonia,MKD,2011,70
North Macedonia,MKD,2012,76
North Macedonia,MKD,2013,63
North Macedonia,MKD,2014,77
North Macedonia,MKD,2015,104
North Macedonia,MKD,2016,97
North Macedonia,MKD,2017,120
North Macedonia,MKD,2018,129
North Macedonia,MKD,2019,103
North Macedonia,MKD,2020,161
North Macedonia,MKD,2021,144
Norway,NOR,2010,552
Norway,NOR,2011,529
Norway,NOR,2012,646
Norway,NOR,2013,726
Norway,NOR,2014,772
Norway,NOR,2015,784
Norway,NOR,2016,842
Norway,NOR,2017,945
Norway,NOR,2018,1068
Norway,NOR,2019,1376
Norway,NOR,2020,1574
Norway,NOR,2021,1890
Oceania,,2010,4025
Oceania,,2011,4282
Oceania,,2012,4584
Oceania,,2013,5125
Oceania,,2014,5617
Oceania,,2015,6001
Oceania,,2016,6533
Oceania,,2017,7000
Oceania,,2018,8043
Oceania,,2019,9459
Oceania,,2020,10641
Oceania,,2021,11287
Oman,OMN,2010,38
Oman,OMN,2011,43
Oman,OMN,2012,58
Oman,OMN,2013,63
Oman,OMN,2014,61
Oman,OMN,2015,81
Oman,OMN,2016,85
Oman,OMN,2017,91
Oman,OMN,2018,87
Oman,OMN,2019,119
Oman,OMN,2020,155
Oman,OMN,2021,195
Pakistan,PAK,2010,534
Pakistan,PAK,2011,584
Pakistan,PAK,2012,665
Pakistan,PAK,2013,790
Pakistan,PAK,2014,827
Pakistan,PAK,2015,960
Pakistan,PAK,2016,1167
Pakistan,PAK,2017,1457
Pakistan,PAK,2018,1910
Pakistan,PAK,2019,2376
Pakistan,PAK,2020,2672
Pakistan,PAK,2021,3383
Palau,PLW,2011,1
Palau,PLW,2012,4
Palau,PLW,2013,1
Palau,PLW,2014,2
Palau,PLW,2016,2
Palau,PLW,2019,2
Palau,PLW,2020,6
Palau,PLW,2021,2
Panama,PAN,2010,16
Panama,PAN,2011,9
Panama,PAN,2012,19
Panama,PAN,2013,23
Panama,PAN,2014,18
Panama,PAN,2015,22
Panama,PAN,2016,23
Panama,PAN,2017,26
Panama,PAN,2018,39
Panama,PAN,2019,30
Panama,PAN,2020,14
Panama,PAN,2021,30
Papua New Guinea,PNG,2013,1
Papua New Guinea,PNG,2014,1
Papua New Guinea,PNG,2015,4
Papua New Guinea,PNG,2016,1
Papua New Guinea,PNG,2017,1
Papua New Guinea,PNG,2018,4
Papua New Guinea,PNG,2019,12
Papua New Guinea,PNG,2020,8
Papua New Guinea,PNG,2021,16
Paraguay,PRY,2010,3
Paraguay,PRY,2011,4
Paraguay,PRY,2012,9
Paraguay,PRY,2013,4
Paraguay,PRY,2014,13
Paraguay,PRY,2015,16
Paraguay,PRY,2016,25
Paraguay,PRY,2017,12
Paraguay,PRY,2018,18
Paraguay,PRY,2019,26
Paraguay,PRY,2020,32
Paraguay,PRY,2021,40
Peru,PER,2010,23
Peru,PER,2011,33
Peru,PER,2012,33
Peru,PER,2013,41
Peru,PER,2014,100
Peru,PER,2015,99
Peru,PER,2016,114
Peru,PER,2017,150
Peru,PER,2018,209
Peru,PER,2019,270
Peru,PER,2020,317
Peru,PER,2021,331
Philippines,PHL,2010,114
Philippines,PHL,2011,132
Philippines,PHL,2012,130
Philippines,PHL,2013,158
Philippines,PHL,2014,233
Philippines,PHL,2015,238
Philippines,PHL,2016,270
Philippines,PHL,2017,368
Philippines,PHL,2018,545
Philippines,PHL,2019,662
Philippines,PHL,2020,642
Philippines,PHL,2021,575
Poland,POL,2010,1483
Poland,POL,2011,1488
Poland,POL,2012,1535
Poland,POL,2013,1858
Poland,POL,2014,2114
Poland,POL,2015,2488
Poland,POL,2016,2557
Poland,POL,2017,2599
Poland,POL,2018,2814
Poland,POL,2019,2827
Poland,POL,2020,2862
Poland,POL,2021,3028
Portugal,PRT,2010,1039
Portugal,PRT,2011,1068
Portugal,PRT,2012,1262
Portugal,PRT,2013,1392
Portugal,PRT,2014,1476
Portugal,PRT,2015,1609
Portugal,PRT,2016,1493
Portugal,PRT,2017,1553
Portugal,PRT,2018,1609
Portugal,PRT,2019,1934
Portugal,PRT,2020,1885
Portugal,PRT,2021,2075
Qatar,QAT,2010,88
Qatar,QAT,2011,106
Qatar,QAT,2012,178
Qatar,QAT,2013,235
Qatar,QAT,2014,298
Qatar,QAT,2015,339
Qatar,QAT,2016,359
Qatar,QAT,2017,374
Qatar,QAT,2018,459
Qatar,QAT,2019,492
Qatar,QAT,2020,570
Qatar,QAT,2021,590
"Quad (Australia, India, Japan and the US)",,2010,37856
"Quad (Australia, India, Japan and the US)",,2011,40491
"Quad (Australia, India, Japan and the US)",,2012,42465
"Quad (Australia, India, Japan and the US)",,2013,45194
"Quad (Australia, India, Japan and the US)",,2014,47763
"Quad (Australia, India, Japan and the US)",,2015,52136
"Quad (Australia, India, Japan and the US)",,2016,56389
"Quad (Australia, India, Japan and the US)",,2017,62169
"Quad (Australia, India, Japan and the US)",,2018,72923
"Quad (Australia, India, Japan and the US)",,2019,86414
"Quad (Australia, India, Japan and the US)",,2020,99045
"Quad (Australia, India, Japan and the US)",,2021,104410
Romania,ROU,2010,972
Romania,ROU,2011,925
Romania,ROU,2012,891
Romania,ROU,2013,851
Romania,ROU,2014,975
Romania,ROU,2015,1213
Romania,ROU,2016,951
Romania,ROU,2017,1047
Romania,ROU,2018,1106
Romania,ROU,2019,1259
Romania,ROU,2020,1246
Romania,ROU,2021,1198
Russia,RUS,2010,581
Russia,RUS,2011,836
Russia,RUS,2012,856
Russia,RUS,2013,1164
Russia,RUS,2014,1704
Russia,RUS,2015,2290
Russia,RUS,2016,2688
Russia,RUS,2017,3398
Russia,RUS,2018,4135
Russia,RUS,2019,5290
Russia,RUS,2020,6016
Russia,RUS,2021,5514
Rwanda,RWA,2010,1
Rwanda,RWA,2011,4
Rwanda,RWA,2012,2
Rwanda,RWA,2013,1
Rwanda,RWA,2014,9
Rwanda,RWA,2015,5
Rwanda,RWA,2016,6
Rwanda,RWA,2017,5
Rwanda,RWA,2018,8
Rwanda,RWA,2019,21
Rwanda,RWA,2020,35
Rwanda,RWA,2021,59
Saint Kitts and Nevis,KNA,2012,1
Saint Kitts and Nevis,KNA,2013,1
Saint Kitts and Nevis,KNA,2014,2
Saint Kitts and Nevis,KNA,2015,4
Saint Kitts and Nevis,KNA,2016,4
Saint Kitts and Nevis,KNA,2017,6
Saint Kitts and Nevis,KNA,2018,11
Saint Kitts and Nevis,KNA,2019,24
Saint Kitts and Nevis,KNA,2020,25
Saint Kitts and Nevis,KNA,2021,44
Saint Lucia,LCA,2019,1
Saint Vincent and the Grenadines,VCT,2017,1
San Marino,SMR,2015,1
San Marino,SMR,2017,2
San Marino,SMR,2018,2
San Marino,SMR,2020,1
San Marino,SMR,2021,1
Sao Tome and Principe,STP,2021,1
Saudi Arabia,SAU,2010,307
Saudi Arabia,SAU,2011,384
Saudi Arabia,SAU,2012,508
Saudi Arabia,SAU,2013,610
Saudi Arabia,SAU,2014,768
Saudi Arabia,SAU,2015,953
Saudi Arabia,SAU,2016,1012
Saudi Arabia,SAU,2017,1169
Saudi Arabia,SAU,2018,1387
Saudi Arabia,SAU,2019,2062
Saudi Arabia,SAU,2020,2872
Saudi Arabia,SAU,2021,3971
Senegal,SEN,2010,10
Senegal,SEN,2011,12
Senegal,SEN,2012,14
Senegal,SEN,2013,6
Senegal,SEN,2014,12
Senegal,SEN,2015,19
Senegal,SEN,2016,15
Senegal,SEN,2017,22
Senegal,SEN,2018,44
Senegal,SEN,2019,39
Senegal,SEN,2020,48
Senegal,SEN,2021,38
Serbia,SRB,2010,184
Serbia,SRB,2011,239
Serbia,SRB,2012,306
Serbia,SRB,2013,299
Serbia,SRB,2014,318
Serbia,SRB,2015,358
Serbia,SRB,2016,349
Serbia,SRB,2017,387
Serbia,SRB,2018,375
Serbia,SRB,2019,420
Serbia,SRB,2020,404
Serbia,SRB,2021,467
Seychelles,SYC,2015,2
Seychelles,SYC,2021,1
Sierra Leone,SLE,2014,1
Sierra Leone,SLE,2015,2
Sierra Leone,SLE,2016,2
Sierra Leone,SLE,2017,1
Sierra Leone,SLE,2018,3
Sierra Leone,SLE,2019,7
Sierra Leone,SLE,2020,7
Sierra Leone,SLE,2021,5
Singapore,SGP,2010,1551
Singapore,SGP,2011,1540
Singapore,SGP,2012,1647
Singapore,SGP,2013,1769
Singapore,SGP,2014,1916
Singapore,SGP,2015,2082
Singapore,SGP,2016,2264
Singapore,SGP,2017,2291
Singapore,SGP,2018,2595
Singapore,SGP,2019,3078
Singapore,SGP,2020,3530
Singapore,SGP,2021,3964
Slovakia,SVK,2010,198
Slovakia,SVK,2011,198
Slovakia,SVK,2012,258
Slovakia,SVK,2013,327
Slovakia,SVK,2014,400
Slovakia,SVK,2015,391
Slovakia,SVK,2016,437
Slovakia,SVK,2017,353
Slovakia,SVK,2018,416
Slovakia,SVK,2019,515
Slovakia,SVK,2020,510
Slovakia,SVK,2021,489
Slovenia,SVN,2010,302
Slovenia,SVN,2011,327
Slovenia,SVN,2012,308
Slovenia,SVN,2013,331
Slovenia,SVN,2014,325
Slovenia,SVN,2015,384
Slovenia,SVN,2016,355
Slovenia,SVN,2017,386
Slovenia,SVN,2018,370
Slovenia,SVN,2019,406
Slovenia,SVN,2020,451
Slovenia,SVN,2021,468
Solomon Islands,SLB,2013,1
Solomon Islands,SLB,2014,1
Solomon Islands,SLB,2020,1
Somalia,SOM,2014,1
Somalia,SOM,2016,1
Somalia,SOM,2017,1
Somalia,SOM,2018,5
Somalia,SOM,2019,5
Somalia,SOM,2020,5
Somalia,SOM,2021,7
South Africa,ZAF,2010,341
South Africa,ZAF,2011,385
South Africa,ZAF,2012,481
South Africa,ZAF,2013,486
South Africa,ZAF,2014,520
South Africa,ZAF,2015,546
South Africa,ZAF,2016,594
South Africa,ZAF,2017,605
South Africa,ZAF,2018,685
South Africa,ZAF,2019,831
South Africa,ZAF,2020,1021
South Africa,ZAF,2021,1016
South Korea,KOR,2010,3233
South Korea,KOR,2011,3609
South Korea,KOR,2012,3947
South Korea,KOR,2013,4400
South Korea,KOR,2014,4468
South Korea,KOR,2015,4713
South Korea,KOR,2016,4518
South Korea,KOR,2017,4751
South Korea,KOR,2018,5730
South Korea,KOR,2019,7011
South Korea,KOR,2020,8663
South Korea,KOR,2021,10017
South Sudan,SSD,2010,3
South Sudan,SSD,2011,4
South Sudan,SSD,2012,4
South Sudan,SSD,2013,6
South Sudan,SSD,2014,3
South Sudan,SSD,2015,9
South Sudan,SSD,2016,5
South Sudan,SSD,2017,6
South Sudan,SSD,2018,6
South Sudan,SSD,2019,13
South Sudan,SSD,2020,5
South Sudan,SSD,2021,6
Spain,ESP,2010,4288
Spain,ESP,2011,4596
Spain,ESP,2012,4417
Spain,ESP,2013,4682
Spain,ESP,2014,4637
Spain,ESP,2015,5043
Spain,ESP,2016,4778
Spain,ESP,2017,5252
Spain,ESP,2018,5488
Spain,ESP,2019,6184
Spain,ESP,2020,6525
Spain,ESP,2021,6752
Sri Lanka,LKA,2010,53
Sri Lanka,LKA,2011,82
Sri Lanka,LKA,2012,77
Sri Lanka,LKA,2013,136
Sri Lanka,LKA,2014,127
Sri Lanka,LKA,2015,132
Sri Lanka,LKA,2016,169
Sri Lanka,LKA,2017,197
Sri Lanka,LKA,2018,277
Sri Lanka,LKA,2019,307
Sri Lanka,LKA,2020,437
Sri Lanka,LKA,2021,377
Sudan,SDN,2010,12
Sudan,SDN,2011,30
Sudan,SDN,2012,23
Sudan,SDN,2013,53
Sudan,SDN,2014,31
Sudan,SDN,2015,53
Sudan,SDN,2016,56
Sudan,SDN,2017,66
Sudan,SDN,2018,92
Sudan,SDN,2019,62
Sudan,SDN,2020,50
Sudan,SDN,2021,109
Suriname,SUR,2013,1
Suriname,SUR,2014,1
Sweden,SWE,2010,1039
Sweden,SWE,2011,1083
Sweden,SWE,2012,1225
Sweden,SWE,2013,1357
Sweden,SWE,2014,1510
Sweden,SWE,2015,1470
Sweden,SWE,2016,1642
Sweden,SWE,2017,1668
Sweden,SWE,2018,1883
Sweden,SWE,2019,2315
Sweden,SWE,2020,2673
Sweden,SWE,2021,2712
Switzerland,CHE,2010,1686
Switzerland,CHE,2011,2364
Switzerland,CHE,2012,1995
Switzerland,CHE,2013,2111
Switzerland,CHE,2014,2271
Switzerland,CHE,2015,2251
Switzerland,CHE,2016,2426
Switzerland,CHE,2017,2681
Switzerland,CHE,2018,3197
Switzerland,CHE,2019,3551
Switzerland,CHE,2020,4196
Switzerland,CHE,2021,4458
Syria,SYR,2010,19
Syria,SYR,2011,18
Syria,SYR,2012,13
Syria,SYR,2013,22
Syria,SYR,2014,20
Syria,SYR,2015,6
Syria,SYR,2016,20
Syria,SYR,2017,19
Syria,SYR,2018,20
Syria,SYR,2019,36
Syria,SYR,2020,55
Syria,SYR,2021,58
Taiwan,TWN,2010,2938
Taiwan,TWN,2011,3013
Taiwan,TWN,2012,2890
Taiwan,TWN,2013,3067
Taiwan,TWN,2014,2829
Taiwan,TWN,2015,2736
Taiwan,TWN,2016,2598
Taiwan,TWN,2017,2669
Taiwan,TWN,2018,3139
Taiwan,TWN,2019,3939
Taiwan,TWN,2020,4347
Taiwan,TWN,2021,4622
Tajikistan,TJK,2012,1
Tajikistan,TJK,2013,2
Tajikistan,TJK,2014,2
Tajikistan,TJK,2016,7
Tajikistan,TJK,2017,5
Tajikistan,TJK,2018,11
Tajikistan,TJK,2019,17
Tajikistan,TJK,2020,18
Tajikistan,TJK,2021,20
Tanzania,TZA,2010,11
Tanzania,TZA,2011,12
Tanzania,TZA,2012,15
Tanzania,TZA,2013,11
Tanzania,TZA,2014,13
Tanzania,TZA,2015,17
Tanzania,TZA,2016,21
Tanzania,TZA,2017,22
Tanzania,TZA,2018,26
Tanzania,TZA,2019,40
Tanzania,TZA,2020,53
Tanzania,TZA,2021,48
Thailand,THA,2010,487
Thailand,THA,2011,463
Thailand,THA,2012,569
Thailand,THA,2013,606
Thailand,THA,2014,735
Thailand,THA,2015,751
Thailand,THA,2016,789
Thailand,THA,2017,919
Thailand,THA,2018,1001
Thailand,THA,2019,1113
Thailand,THA,2020,1030
Thailand,THA,2021,1199
Togo,TGO,2010,1
Togo,TGO,2011,2
Togo,TGO,2013,4
Togo,TGO,2014,5
Togo,TGO,2015,6
Togo,TGO,2016,6
Togo,TGO,2017,3
Togo,TGO,2018,5
Togo,TGO,2019,6
Togo,TGO,2020,6
Togo,TGO,2021,7
Trinidad and Tobago,TTO,2010,5
Trinidad and Tobago,TTO,2011,2
Trinidad and Tobago,TTO,2012,8
Trinidad and Tobago,TTO,2013,3
Trinidad and Tobago,TTO,2014,8
Trinidad and Tobago,TTO,2015,7
Trinidad and Tobago,TTO,2016,6
Trinidad and Tobago,TTO,2017,10
Trinidad and Tobago,TTO,2018,10
Trinidad and Tobago,TTO,2019,9
Trinidad and Tobago,TTO,2020,10
Trinidad and Tobago,TTO,2021,19
Tunisia,TUN,2010,295
Tunisia,TUN,2011,347
Tunisia,TUN,2012,422
Tunisia,TUN,2013,588
Tunisia,TUN,2014,735
Tunisia,TUN,2015,734
Tunisia,TUN,2016,964
Tunisia,TUN,2017,953
Tunisia,TUN,2018,825
Tunisia,TUN,2019,791
Tunisia,TUN,2020,964
Tunisia,TUN,2021,879
Turkey,TUR,2010,1228
Turkey,TUR,2011,1367
Turkey,TUR,2012,1496
Turkey,TUR,2013,1701
Turkey,TUR,2014,1795
Turkey,TUR,2015,2082
Turkey,TUR,2016,2219
Turkey,TUR,2017,2515
Turkey,TUR,2018,2690
Turkey,TUR,2019,2982
Turkey,TUR,2020,3279
Turkey,TUR,2021,3805
Turkmenistan,TKM,2018,1
Turkmenistan,TKM,2021,1
Tuvalu,TUV,2010,8
Tuvalu,TUV,2011,7
Tuvalu,TUV,2012,4
Tuvalu,TUV,2013,9
Tuvalu,TUV,2014,9
Tuvalu,TUV,2015,15
Tuvalu,TUV,2016,11
Tuvalu,TUV,2017,6
Tuvalu,TUV,2018,10
Tuvalu,TUV,2019,28
Tuvalu,TUV,2020,32
Tuvalu,TUV,2021,28
Uganda,UGA,2010,16
Uganda,UGA,2011,17
Uganda,UGA,2012,18
Uganda,UGA,2013,15
Uganda,UGA,2014,22
Uganda,UGA,2015,12
Uganda,UGA,2016,24
Uganda,UGA,2017,28
Uganda,UGA,2018,33
Uganda,UGA,2019,30
Uganda,UGA,2020,55
Uganda,UGA,2021,60
Ukraine,UKR,2010,109
Ukraine,UKR,2011,120
Ukraine,UKR,2012,149
Ukraine,UKR,2013,217
Ukraine,UKR,2014,238
Ukraine,UKR,2015,388
Ukraine,UKR,2016,488
Ukraine,UKR,2017,583
Ukraine,UKR,2018,756
Ukraine,UKR,2019,1028
Ukraine,UKR,2020,1198
Ukraine,UKR,2021,927
United Arab Emirates,ARE,2010,182
United Arab Emirates,ARE,2011,226
United Arab Emirates,ARE,2012,202
United Arab Emirates,ARE,2013,268
United Arab Emirates,ARE,2014,313
United Arab Emirates,ARE,2015,424
United Arab Emirates,ARE,2016,562
United Arab Emirates,ARE,2017,699
United Arab Emirates,ARE,2018,914
United Arab Emirates,ARE,2019,1227
United Arab Emirates,ARE,2020,1533
United Arab Emirates,ARE,2021,1805
United Kingdom,GBR,2010,7139
United Kingdom,GBR,2011,7069
United Kingdom,GBR,2012,7601
United Kingdom,GBR,2013,8216
United Kingdom,GBR,2014,8798
United Kingdom,GBR,2015,9042
United Kingdom,GBR,2016,10055
United Kingdom,GBR,2017,10749
United Kingdom,GBR,2018,12445
United Kingdom,GBR,2019,15471
United Kingdom,GBR,2020,16890
United Kingdom,GBR,2021,18147
United States,USA,2010,25043
United States,USA,2011,26521
United States,USA,2012,27186
United States,USA,2013,28613
United States,USA,2014,29664
United States,USA,2015,31408
United States,USA,2016,33641
United States,USA,2017,37407
United States,USA,2018,44393
United States,USA,2019,54429
United States,USA,2020,61121
United States,USA,2021,61823
Uruguay,URY,2010,33
Uruguay,URY,2011,21
Uruguay,URY,2012,41
Uruguay,URY,2013,38
Uruguay,URY,2014,46
Uruguay,URY,2015,58
Uruguay,URY,2016,56
Uruguay,URY,2017,51
Uruguay,URY,2018,59
Uruguay,URY,2019,71
Uruguay,URY,2020,88
Uruguay,URY,2021,90
Uzbekistan,UZB,2010,9
Uzbekistan,UZB,2011,6
Uzbekistan,UZB,2012,4
Uzbekistan,UZB,2013,3
Uzbekistan,UZB,2014,3
Uzbekistan,UZB,2015,8
Uzbekistan,UZB,2016,20
Uzbekistan,UZB,2017,22
Uzbekistan,UZB,2018,12
Uzbekistan,UZB,2019,85
Uzbekistan,UZB,2020,155
Uzbekistan,UZB,2021,201
Vanuatu,VUT,2021,1
Vatican,VAT,2011,1
Vatican,VAT,2014,1
Vatican,VAT,2015,5
Vatican,VAT,2016,6
Vatican,VAT,2017,2
Vatican,VAT,2018,3
Vatican,VAT,2019,9
Vatican,VAT,2020,5
Vatican,VAT,2021,8
Venezuela,VEN,2010,81
Venezuela,VEN,2011,66
Venezuela,VEN,2012,84
Venezuela,VEN,2013,75
Venezuela,VEN,2014,82
Venezuela,VEN,2015,104
Venezuela,VEN,2016,119
Venezuela,VEN,2017,140
Venezuela,VEN,2018,111
Venezuela,VEN,2019,132
Venezuela,VEN,2020,114
Venezuela,VEN,2021,116
Vietnam,VNM,2010,298
Vietnam,VNM,2011,375
Vietnam,VNM,2012,389
Vietnam,VNM,2013,421
Vietnam,VNM,2014,445
Vietnam,VNM,2015,586
Vietnam,VNM,2016,654
Vietnam,VNM,2017,663
Vietnam,VNM,2018,854
Vietnam,VNM,2019,1342
Vietnam,VNM,2020,1719
Vietnam,VNM,2021,1968
World,OWID_WRL,2010,184753
World,OWID_WRL,2011,191656
World,OWID_WRL,2012,196566
World,OWID_WRL,2013,206801
World,OWID_WRL,2014,220778
World,OWID_WRL,2015,232686
World,OWID_WRL,2016,247755
World,OWID_WRL,2017,275603
World,OWID_WRL,2018,323880
World,OWID_WRL,2019,405240
World,OWID_WRL,2020,457523
World,OWID_WRL,2021,483978
Yemen,YEM,2010,10
Yemen,YEM,2011,16
Yemen,YEM,2012,25
Yemen,YEM,2013,39
Yemen,YEM,2014,45
Yemen,YEM,2015,34
Yemen,YEM,2016,32
Yemen,YEM,2017,41
Yemen,YEM,2018,49
Yemen,YEM,2019,109
Yemen,YEM,2020,130
Yemen,YEM,2021,210
Zambia,ZMB,2011,3
Zambia,ZMB,2012,2
Zambia,ZMB,2013,2
Zambia,ZMB,2014,5
Zambia,ZMB,2015,6
Zambia,ZMB,2017,9
Zambia,ZMB,2018,6
Zambia,ZMB,2019,21
Zambia,ZMB,2020,15
Zambia,ZMB,2021,22
Zimbabwe,ZWE,2010,37
Zimbabwe,ZWE,2011,18
Zimbabwe,ZWE,2012,24
Zimbabwe,ZWE,2013,76
Zimbabwe,ZWE,2014,36
Zimbabwe,ZWE,2015,48
Zimbabwe,ZWE,2016,41
Zimbabwe,ZWE,2017,54
Zimbabwe,ZWE,2018,65
Zimbabwe,ZWE,2019,54
Zimbabwe,ZWE,2020,79
Zimbabwe,ZWE,2021,77